<?xml version="1.0" encoding="UTF-8"?>
<!DOCTYPE mapper
  PUBLIC "-//mybatis.org//DTD Mapper 3.0//EN"
  "http://mybatis.org/dtd/mybatis-3-mapper.dtd">
<mapper namespace="shxt.xy37">
    <sql id="sys_user_column">
         user_id userId, 
         account,
         password pwd,
         user_name userName,
         status
    </sql>
    <insert id="add" parameterType="com.shxt.model.User">
        insert into
        sys_user
        (account,password,user_name)
        values
        (#{account},#{pwd},#{userName})
    </insert>
    <delete id="delect" parameterType="com.shxt.model.User">
       DELETE FROM 
        sys_user 
       WHERE 
        user_id=#{userId}
    </delete>
    <select id="load" parameterType="int" resultType="com.shxt.model.User">
        select user_id userId, 
            account,
            password pwd,
            user_name userName,
            status
        from sys_user
        where user_id=#{sd}
    
    </select>
    <select id="list" resultType="com.shxt.model.User">
        select
           <include refid="sys_user_column"/>
           from sys_user
     </select>
     <select id="selectlike" parameterType="string" resultType="com.shxt.model.User">
        select
            <include refid="sys_user_column"/>
        from 
            sys_user
        where
            user_name like #{asd}
            
     </select>
      <select id="selectlike02" parameterType="string" resultType="com.shxt.model.User">
        select
            <include refid="sys_user_column"/>
        from 
            sys_user
        where
            user_name like concat(#{user_name},'%')
            
     </select>
      <select id="selectlike03" parameterType="map" resultType="com.shxt.model.User">
        select
            <include refid="sys_user_column"/>
        from 
            sys_user
        where
            user_name like ${userName}
        and
           status  =  ${status} 
            
     </select>
     <select id="selectlike04" parameterType="com.shxt.model.User" resultType="com.shxt.model.User">
        select
            <include refid="sys_user_column"/>
        from 
            sys_user
        where
            user_name like concat(#{userName},'%')
        and
           status  =  ${status} 
            
     </select>
     
      <select id="selectCount"  resultType="int">
        select
            count(*)
        from 
            sys_user
            
     </select>
     
     <select id="selectById" parameterType="map" resultType="com.shxt.model.User">
        select
            <include refid="sys_user_column"/>
        from 
            sys_user
        where
            user_id between #{userIdmin} and #{userIdmax}
            
     </select>
     
      <select id="selectById2" parameterType="map" resultType="com.shxt.model.User">
        select
            <include refid="sys_user_column"/>
        from 
            sys_user
        where
            user_id &gt; #{userIdmin} 
        and 
            user_id  &lt; #{userIdmax}
            
     </select>
     
       <select id="selectById3" parameterType="map" resultType="com.shxt.model.User">
       <![CDATA[
          select
            user_id userId, 
            account,
            password pwd,
            user_name userName,
            status
        from 
            sys_user
        where
            user_id > #{userIdmin} 
        and 
            user_id  < #{userIdmax}
       ]]>
            
     </select>
     <update id="update" parameterType="com.shxt.model.User">
         update sys_user set
            account=#{account},
            password=#{pwd},
            user_name=#{userName},
            status=#{status}
         where user_id=#{userId}
     </update>
</mapper>
